{
  "option": {
    "form": {
      "inline": false,
      "hideRequiredAsterisk": false,
      "labelPosition": "right",
      "size": "default",
      "labelWidth": "125px"
    },
    "resetBtn": {
      "show": false,
      "innerText": "重置"
    },
    "submitBtn": {
      "show": true,
      "innerText": "提交"
    }
  },
  "rule": [
    {
      "type": "input",
      "field": "PERFREE_WEB_NAME",
      "title": "网站所属人名称",
      "info": "网站右侧头像下边的名称",
      "$required": false,
      "props": {
        "placeholder": "网站右侧头像下边的名称"
      },
      "_fc_id": "id_Fwr5m1g3r4zlacc",
      "name": "ref_Fw0zm1g3r4zladc",
      "display": true,
      "hidden": false,
      "_fc_drag_tag": "input"
    },
    {
      "type": "AttachSelectInput",
      "field": "PERFREE_WEB_RIGHT_LOGO",
      "title": "网站所属人头像",
      "info": "网站所属人头像",
      "$required": false,
      "props": {
        "placeholder": "网站所属人头像",
        "attachType": "img",
        "enableInput": true
      },
      "_fc_id": "id_Fxtrm1g3spkgaec",
      "name": "ref_Far1m1g3spkgafc",
      "display": true,
      "hidden": false,
      "_fc_drag_tag": "AttachSelectInput"
    },
    {
      "type": "input",
      "field": "DEFAULT_HERO_TITLE",
      "title": "首页展示标题",
      "info": "首页展示标题",
      "$required": false,
      "props": {
        "placeholder": "首页展示标题"
      },
      "_fc_id": "id_F28fm1g3tmw5ahc",
      "name": "ref_Fr8sm1g3tmw5aic",
      "display": true,
      "hidden": false,
      "_fc_drag_tag": "input"
    },
    {
      "type": "input",
      "field": "DEFAULT_HERO_SUB_TITLE",
      "title": "首页展示副标题",
      "info": "首页展示副标题",
      "$required": false,
      "props": {
        "placeholder": "首页展示副标题"
      },
      "_fc_id": "id_Ft8ym1g446zzakc",
      "name": "ref_F8qfm1g446zzalc",
      "display": true,
      "hidden": false,
      "_fc_drag_tag": "input"
    },
    {
      "type": "select",
      "field": "HOME_BANNER",
      "title": "首页背景方式",
      "info": "首页背景方式",
      "effect": {
        "fetch": ""
      },
      "$required": false,
      "options": [
        {
          "label": "背景图",
          "value": "0"
        },
        {
          "label": "自定义颜色",
          "value": "1"
        }
      ],
      "_fc_id": "id_Fk4fm1g45gl7anc",
      "name": "ref_Ft1fm1g45gl7aoc",
      "display": true,
      "hidden": false,
      "_fc_drag_tag": "select"
    },
    {
      "type": "AttachSelectInput",
      "field": "HOME_BANNER_IMG",
      "title": "首页背景图",
      "info": "首页背景图",
      "$required": false,
      "props": {
        "attachType": "img",
        "enableInput": true,
        "placeholder": "首页背景图"
      },
      "_fc_id": "id_Fnqwm1g46pjcapc",
      "name": "ref_Fa3om1g46pjcaqc",
      "display": true,
      "hidden": false,
      "_fc_drag_tag": "AttachSelectInput"
    },
    {
      "type": "colorPicker",
      "field": "HOME_BANNER_COLOR",
      "title": "首页背景颜色",
      "info": "首页背景颜色",
      "$required": false,
      "_fc_id": "id_Fc62m1g47iqkasc",
      "name": "ref_F843m1g47iqkatc",
      "display": true,
      "hidden": false,
      "_fc_drag_tag": "colorPicker"
    },
    {
      "type": "colorPicker",
      "field": "HOME_TITLE_COLOR",
      "title": "首页标题颜色",
      "info": "首页标题颜色",
      "$required": false,
      "_fc_id": "id_Fjv3m1g48h9bavc",
      "name": "ref_F7q6m1g48h9bawc",
      "display": true,
      "hidden": false,
      "_fc_drag_tag": "colorPicker"
    },
    {
      "type": "colorPicker",
      "field": "HOME_SUB_TITLE_COLOR",
      "title": "首页副标题颜色",
      "info": "首页副标题颜色",
      "$required": false,
      "_fc_id": "id_Fxyhm1g491qzayc",
      "name": "ref_Fjxxm1g491qzazc",
      "display": true,
      "hidden": false,
      "_fc_drag_tag": "colorPicker"
    },
    {
      "type": "colorPicker",
      "field": "PERFREE_PRIMARY_COLOR",
      "title": "网站主题色",
      "info": "网站主题色",
      "$required": false,
      "_fc_id": "id_Fuium1g49gkyb1c",
      "name": "ref_Faeom1g49gkyb2c",
      "display": true,
      "hidden": false,
      "_fc_drag_tag": "colorPicker"
    }
  ]
}